{
    "accuracy": 0.7333333333333333,
    "macro_f1": 0.6888888888888889,
    "mae": 0.26666666666666666
}